tree_id,xmin,ymin,xmax,ymax,label,score,geometry,crown_width_px,crown_height_px,crown_area_px
Tree_1,68.58015,2024.7363,965.9941,3017.3027,Tree,0.5633894,"POLYGON ((965.9940795898438 2024.736328125, 965.9940795898438 3017.302734375, 68.58014678955078 3017.302734375, 68.58014678955078 2024.736328125, 965.9940795898438 2024.736328125))",897.41394,992.5664,890742.94
Tree_2,0.0,688.9172,264.45193,1135.6824,Tree,0.4687073,"POLYGON ((264.4519348144531 688.9171752929688, 264.4519348144531 1135.682373046875, 0 1135.682373046875, 0 688.9171752929688, 264.4519348144531 688.9171752929688))",264.45193,446.7652,118147.92
Tree_3,1477.7012,250.51245,1775.0405,600.3206,Tree,0.45983878,"POLYGON ((1775.04052734375 250.512451171875, 1775.04052734375 600.3206176757812, 1477.701171875 600.3206176757812, 1477.701171875 250.512451171875, 1775.04052734375 250.512451171875))",297.33936,349.80817,104011.734
Tree_4,274.08762,98.00101,871.1496,665.6672,Tree,0.3274873,"POLYGON ((871.1495971679688 98.00100708007812, 871.1495971679688 665.6671752929688, 274.0876159667969 665.6671752929688, 274.0876159667969 98.00100708007812, 871.1495971679688 98.00100708007812))",597.062,567.66614,338931.88
Tree_5,3404.275,1515.1616,3981.551,2075.5217,Tree,0.30972067,"POLYGON ((3981.551025390625 1515.16162109375, 3981.551025390625 2075.521728515625, 3404.27490234375 2075.521728515625, 3404.27490234375 1515.16162109375, 3981.551025390625 1515.16162109375))",577.2761,560.3601,323482.5
Tree_6,2118.827,637.37,2557.7725,1167.4808,Tree,0.26837763,"POLYGON ((2557.7724609375 637.3699951171875, 2557.7724609375 1167.4808349609375, 2118.826904296875 1167.4808349609375, 2118.826904296875 637.3699951171875, 2557.7724609375 637.3699951171875))",438.94556,530.11084,232689.8
Tree_7,1012.14954,30.234653,1305.5541,317.25427,Tree,0.2521983,"POLYGON ((1305.5540771484375 30.23465347290039, 1305.5540771484375 317.2542724609375, 1012.1495361328125 317.2542724609375, 1012.1495361328125 30.23465347290039, 1305.5540771484375 30.23465347290039))",293.40454,287.01962,84212.86
Tree_8,2098.175,429.96057,2347.6155,679.9029,Tree,0.24410069,"POLYGON ((2347.615478515625 429.9605712890625, 2347.615478515625 679.9028930664062, 2098.175048828125 679.9028930664062, 2098.175048828125 429.9605712890625, 2347.615478515625 429.9605712890625))",249.44043,249.94232,62345.72
Tree_9,1482.5059,1.8246386,1858.0853,140.45424,Tree,0.18062569,"POLYGON ((1858.0853271484375 1.8246386051177979, 1858.0853271484375 140.45423889160156, 1482.505859375 140.45423889160156, 1482.505859375 1.8246386051177979, 1858.0853271484375 1.8246386051177979))",375.57947,138.6296,52066.43
Tree_10,3.684803,1290.5519,503.71072,1925.167,Tree,0.1684772,"POLYGON ((503.7107238769531 1290.5518798828125, 503.7107238769531 1925.1669921875, 3.684803009033203 1925.1669921875, 3.684803009033203 1290.5518798828125, 503.7107238769531 1290.5518798828125))",500.0259,634.6151,317324.0
Tree_11,2298.5486,0.0,2749.0808,190.57013,Tree,0.16765314,"POLYGON ((2749.080810546875 0, 2749.080810546875 190.57012939453125, 2298.548583984375 190.57012939453125, 2298.548583984375 0, 2749.080810546875 0))",450.53223,190.57013,85857.984
Tree_12,1087.1649,348.01483,1362.8239,639.0258,Tree,0.14561902,"POLYGON ((1362.8238525390625 348.01483154296875, 1362.8238525390625 639.0258178710938, 1087.1649169921875 639.0258178710938, 1087.1649169921875 348.01483154296875, 1362.8238525390625 348.01483154296875))",275.65894,291.011,80219.78
Tree_13,276.17032,936.5047,574.013,1243.5205,Tree,0.14148197,"POLYGON ((574.0130004882812 936.5046997070312, 574.0130004882812 1243.5205078125, 276.1703186035156 1243.5205078125, 276.1703186035156 936.5046997070312, 574.0130004882812 936.5046997070312))",297.84268,307.0158,91442.414
Tree_14,2935.9734,233.87332,3880.5813,1095.8331,Tree,0.13463354,"POLYGON ((3880.581298828125 233.87332153320312, 3880.581298828125 1095.8331298828125, 2935.973388671875 1095.8331298828125, 2935.973388671875 233.87332153320312, 3880.581298828125 233.87332153320312))",944.6079,861.95984,814214.06
Tree_15,1950.3438,0.0,2341.8667,113.82573,Tree,0.13224904,"POLYGON ((2341.86669921875 0, 2341.86669921875 113.82572937011719, 1950.34375 113.82572937011719, 1950.34375 0, 2341.86669921875 0))",391.52295,113.82573,44565.387
Tree_16,2607.5388,1649.8882,3005.2083,2025.7094,Tree,0.13111667,"POLYGON ((3005.208251953125 1649.88818359375, 3005.208251953125 2025.7093505859375, 2607.538818359375 2025.7093505859375, 2607.538818359375 1649.88818359375, 3005.208251953125 1649.88818359375))",397.66943,375.82117,149452.6
Tree_17,867.53314,2152.4634,1310.098,2636.5374,Tree,0.12563114,"POLYGON ((1310.0980224609375 2152.46337890625, 1310.0980224609375 2636.537353515625, 867.5331420898438 2636.537353515625, 867.5331420898438 2152.46337890625, 1310.0980224609375 2152.46337890625))",442.56488,484.07397,214234.14
Tree_18,1466.4252,2617.259,1962.9318,3030.2058,Tree,0.12212608,"POLYGON ((1962.9317626953125 2617.259033203125, 1962.9317626953125 3030.205810546875, 1466.4251708984375 3030.205810546875, 1466.4251708984375 2617.259033203125, 1962.9317626953125 2617.259033203125))",496.5066,412.94678,205030.8
Tree_19,813.5975,430.27988,1111.1881,717.521,Tree,0.114811204,"POLYGON ((1111.1881103515625 430.2798767089844, 1111.1881103515625 717.52099609375, 813.5974731445312 717.52099609375, 813.5974731445312 430.2798767089844, 1111.1881103515625 430.2798767089844))",297.59064,287.24112,85480.266
Tree_20,531.4246,1565.9154,1125.9174,2140.3704,Tree,0.11361709,"POLYGON ((1125.9173583984375 1565.9154052734375, 1125.9173583984375 2140.370361328125, 531.4246215820312 2140.370361328125, 531.4246215820312 1565.9154052734375, 1125.9173583984375 1565.9154052734375))",594.49274,574.45496,341509.3
Tree_21,1346.9904,1565.4757,1907.0336,2125.8826,Tree,0.10925569,"POLYGON ((1907.0335693359375 1565.4757080078125, 1907.0335693359375 2125.882568359375, 1346.9903564453125 2125.882568359375, 1346.9903564453125 1565.4757080078125, 1907.0335693359375 1565.4757080078125))",560.0432,560.40686,313852.06
Tree_22,2474.8643,1381.9164,2791.203,1712.2937,Tree,0.10018529,"POLYGON ((2791.202880859375 1381.9163818359375, 2791.202880859375 1712.293701171875, 2474.8642578125 1712.293701171875, 2474.8642578125 1381.9163818359375, 2791.202880859375 1381.9163818359375))",316.33862,330.37732,104511.11
Tree_23,756.63275,0.05710693,954.97253,53.35742,Tree,0.10009904,"POLYGON ((954.9725341796875 0.0571069307625294, 954.9725341796875 53.357421875, 756.6327514648438 53.357421875, 756.6327514648438 0.0571069307625294, 954.9725341796875 0.0571069307625294))",198.33978,53.300316,10571.573
Tree_24,2468.4878,2606.341,2956.7012,3035.9468,Tree,0.10006568,"POLYGON ((2956.701171875 2606.341064453125, 2956.701171875 3035.94677734375, 2468.48779296875 3035.94677734375, 2468.48779296875 2606.341064453125, 2956.701171875 2606.341064453125))",488.21338,429.6057,209739.25
