Title,Authors,DOI,DOI link,Venue,Citation count,Year,Filename,Summary,Was tile position or grid offset varied as an experimental variable,Were tile size and overlap held fixed while position varied,"What was measured (aggregate count, per object identity, both)",Number of grid positions tested,Reported variation in detection count,Reported variation in detection identity or set membership,Domain and imagery type,Whether the effect was framed as a problem or as an augmentation,"Supporting quotes for ""Summary""","Supporting tables for ""Summary""","Reasoning for ""Summary""","Supporting quotes for ""Was tile position or grid offset varied as an experimental variable""","Supporting tables for ""Was tile position or grid offset varied as an experimental variable""","Reasoning for ""Was tile position or grid offset varied as an experimental variable""","Supporting quotes for ""Were tile size and overlap held fixed while position varied""","Supporting tables for ""Were tile size and overlap held fixed while position varied""","Reasoning for ""Were tile size and overlap held fixed while position varied""","Supporting quotes for ""What was measured (aggregate count, per object identity, both)""","Supporting tables for ""What was measured (aggregate count, per object identity, both)""","Reasoning for ""What was measured (aggregate count, per object identity, both)""","Supporting quotes for ""Number of grid positions tested""","Supporting tables for ""Number of grid positions tested""","Reasoning for ""Number of grid positions tested""","Supporting quotes for ""Reported variation in detection count""","Supporting tables for ""Reported variation in detection count""","Reasoning for ""Reported variation in detection count""","Supporting quotes for ""Reported variation in detection identity or set membership""","Supporting tables for ""Reported variation in detection identity or set membership""","Reasoning for ""Reported variation in detection identity or set membership""","Supporting quotes for ""Domain and imagery type""","Supporting tables for ""Domain and imagery type""","Reasoning for ""Domain and imagery type""","Supporting quotes for ""Whether the effect was framed as a problem or as an augmentation""","Supporting tables for ""Whether the effect was framed as a problem or as an augmentation""","Reasoning for ""Whether the effect was framed as a problem or as an augmentation"""
Improved Head and Data Augmentation to Reduce Artifacts at Grid Boundaries in Object Detection,"Shinji Uchinoura, Takio Kurita",10.1587/transinf.2023edp7079,https://doi.org/10.1587/transinf.2023edp7079,IEICE Trans. Inf. Syst.,,2024,,"Object detector scores decline when objects lie at grid boundaries; adding sub-grid features and grid-aware shifts to FCOS improves this weakness on the COCO validation set, although the abstract reports no quantitative effect size. main_finding methods_evidence","[Yes—image/object position relative to the feature-map grid was varied experimentally. Horizontal shifts were swept to measure periodic class-score changes and grid-boundary drops; GADA also applied horizontal and vertical offsets of [-8, 8] pixels around the boundary position.]","Not mentioned (the paper reports image shifts and feature-map grid size, not tile overlap)",Both aggregate and per-object identity,"Not mentioned (the paper reports horizontal-shift experiments and shift ranges, but not the number of grid positions tested)","Not mentioned (the paper reports AP metrics and class-score variation, but not detection-count variation).","Detection confidence varied periodically with image shifts: FCOS class scores ranged from 0.85 to 0.60, reaching a minimum when the object center overlapped a grid boundary. At the boundary, scores were low in the center and both neighboring grid cells. The paper did not explicitly report changes in predicted detection identity or detection-set membership; for YOLOX-S, it likewise reported cyclic class-score variation, from about 0.89 to 0.75].","- Natural-image computer vision / object detection, evaluated on the COCO dataset (80 object categories; 115k training images and 5k validation images).",Framed primarily as a grid-boundary problem—class scores drop when object centers align with grid boundaries—with GADA presented as a data-augmentation solution to improve robustness,"  - ""We found that the object detector class scores drop when the target object center is at the grid boundary.""
  - ""The effectiveness of the proposed approaches is demonstrated using the COCO validation set after applying the proposed method to the FCOS architecture.""",,"- The paper identifies reduced class scores at grid boundaries as the main detection weakness.
- It proposes Sub-Grid Feature Extraction and Grid-Aware Data Augmentation to address this issue.
- Evidence comes from evaluation on the COCO validation set with FCOS, but the abstract provides no quantitative results.","  - ""We performed experiments to investigate the variations of the prediction results for each H cls ( f δ x j ) when the image I 0 is translated horizontally.""
  - ""From this graph, we can see that the class scores are changing periodically depending on the shift value. The range of scores varies from 0.85 to 0.6. Also, from this graph, we can see that the score becomes minimum at the position where the center of the bounding box overlaps the boundary of the grid.""
  - ""In training, we generate an image shifted by (∆x j + δ x , ∆y j +δ y ) pixels with probability δ to provide randomness. This experiment used δ x , δ y ∈ [-8, 8].""","  - ""(Page 6, Table 1) |-------|-----------------|------|-----------------|-----------------|-----------------|\n| FCOS  | -               | 33.3 | 18.8            | 35.8            | 42.8            |\n| FCOS  | Random Shift    | **34.2** | 18.8        | **37.2**        | 43.9            |""","- The paper directly varies the horizontal image shift and measures class-score changes as a function of shift position. [horizontal_shift_experiment] supports this experimental manipulation.
- The results show periodic score variation, with minima when the object center aligns with a grid boundary. [periodic_grid_boundary_shift] supports that grid offset/tile position was an experimental variable.
- During training, GADA varies both horizontal and vertical shifts around the grid-boundary position, using random offsets in [-8, 8] pixels. [gada_shift_range] supports the specific range.
- Table T6 additionally compares augmentation methods under a common shift range, including Random Shift and GADA. [augmentation_comparison_shift_range]","  - ""In training, we generate an image shifted by (∆x j + δ x , ∆y j +δ y ) pixels with probability δ to provide randomness.""
  - ""The score period is equal to the grid size of the feature map, and the range of class scores varies from 0.89 to 0.75.""",,"- The paper varies image position using horizontal shifts and discusses feature-map grid size, but does not report tile overlap or a fixed tile-size/overlap experimental design.","  - ""We use the COCO API to measure the average precision (AP) for IoUs in the range 0.5:0.05:0.95. We also checked the breakdown of AP for small (AP S ; area ≤ 32 2 ), medium (AP M ; 32 2 < area ≤ 96 2 ), and large (AP L ; area > 96 2 ) objects.""
  - ""Figure 2 shows graphs of the variations obtained for a target object in an input image.""",,"- Dataset-level detection performance was measured using aggregate AP and AP by object-size category. - The paper also examined class-score changes for individual target objects under image shifts, including neighboring grid cells. - Therefore, measurements were made at both aggregate and per-object levels.","  - ""We performed experiments to investigate the variations of the prediction results for each H cls ( f δ x j ) when the image I 0 is translated horizontally.""
  - ""The period of the scores is equal to the grid size of the feature map, which corresponds to the scale of the target object. In this example, the grid size assigned to the target object is 64 px.""
  - ""This experiment used δ x , δ y ∈ [-8, 8].""",,"- The paper describes testing prediction variation across horizontal image shifts and reports grid sizes and a shift range, but it does not state how many distinct grid positions were tested.","  - ""We use the COCO API to measure the average precision (AP) for IoUs in the range 0.5:0.05:0.95. We also checked the breakdown of AP for small (AP S ; area ≤ 32 2 ), medium (AP M ; 32 2 < area ≤ 96 2 ), and large (AP L ; area > 96 2 ) objects.""
  - ""The second column shows the class scores of the grid cell containing the center of the groundtruth box when the input image is translated horizontally to the right. From this graph, we can see that the class scores are changing periodically depending on the shift value.""","  - ""(Page 5, Table 1) |-------------|-----------|-----------|------|------|------|-----|-----|-----|\n| FCOS        | ResNet-18 | 19.1      | 33.3 | 51.6 | 39.7 | 18.8 | 35.8 | 42.8 |\n| FCOS+GADA   | ResNet-18 | 19.1      | 34.2 | 52.6 | 39.8 | 19.1 | 37.0 | 44.4 |""","- The paper reports detection performance using AP metrics and analyzes variation in class scores under image shifts.[reported_metrics][class_score_variation]
- No variation in the number of detections or detection count is reported in the provided text or tables.","  - ""From this graph, we can see that the class scores are changing periodically depending on the shift value. The range of scores varies from 0.85 to 0.6.""
  - ""Also, from this graph, we can see that the score becomes minimum at the position where the center of the bounding box overlaps the boundary of the grid.""
  - ""Thus, class scores at the grid boundary become low in all three grid cells.""
  - ""The plot shows that the class score varies cyclically with shift values in YOLOX-S as well as FCOS. The score period is equal to the grid size of the feature map, and the range of class scores varies from 0.89 to 0.75.""",,"- The paper reports variation in detection confidence/class scores when the input image is horizontally shifted.
- Scores vary periodically, with the minimum occurring when the object center aligns with a grid boundary.
- The paper does not report explicit changes in detection identity, such as a predicted class changing, or set membership, such as an object entering or leaving the detection set; it reports score variation across grid cells instead.","  - ""object detection is a fundamental and challenging task in computer vision that aims to predict a bounding box with a category label for each object of interest in an image.""
  - ""The COCO [18] benchmark is a large-scale object detection, instance segmentation, and image captioning dataset with 80 categories.""",,"- The paper addresses generic computer-vision object detection rather than a specialized imaging modality. [computer_vision_domain] supports the application domain, while [coco_imagery] and [coco_evaluation_images] identify the benchmark and image-based evaluation data.","  - ""we find the weak point where the class score drops due to the Euclidean distance between the object's location and grid boundary.""
  - ""The other is Grid-Aware Data Augmentation (GADA), which is a data augmentation method that translates the object center around the weak point of the grid boundary depending on the size of the targets.""
  - ""Therefore, this paper proposes two methods to mitigate the reduction of class scores around the grid boundary and to make the trained networks more robust to the target locations.""",,"- The paper primarily frames the effect as a problem: class scores decrease when object centers align with grid boundaries.
- It presents GADA as an augmentation-based solution, alongside SGFEM, to mitigate this boundary-related score reduction."
Shift Equivariance in Object Detection,"M. Manfredi, Yu Wang",10.1007/978-3-030-65414-6_4,https://doi.org/10.1007/978-3-030-65414-6_4,ECCV Workshops,,2020,,"Modern one- and two-stage, anchor-based and anchor-free object detectors are sensitive to even one-pixel image shifts; this was shown using a proposed end-to-end metric based on greedy mAP bounds over shifted images, with comparative experiments indicating that none of the tested methods achieves full shift equivariance. main_finding method_and_evidence interventions_result","No tile position or grid offset was reported as an experimental variable; the study varied image translations, including one-pixel shifts, in a shifted image set.","Not mentioned (the abstract does not report tile size, overlap, or position variation).",Aggregate count/performance (mean average precision); not per object identity,Not mentioned (the abstract does not report the number of grid positions tested).,"Not mentioned (the abstract reports shift sensitivity via mean average precision bounds, not detection-count variation) ",Not mentioned (the abstract reports sensitivity to one-pixel shifts but does not quantify variation in detection identity or set membership).,Images subjected to small translations/pixel shifts for object detection,"Problem: shift variance/sensitivity in object detection was framed as an undesirable robustness issue, with methods investigated to mitigate it—not as an augmentation.","  - ""Our new metric shows that modern object detection architectures, no matter if one-stage or two-stage, anchor-based or anchor-free, are sensitive to even one pixel shift to the input images.""
  - ""To assess shift equivariance of object detection models end-to-end, in this paper we propose an evaluation metric, built upon a greedy search of the lower and upper bounds of the mean average precision on a shifted image set.""
  - ""Our results indicate that none of these methods can provide full shift equivariance.""",,"- The primary finding is that all examined detector types are sensitive to one-pixel input shifts.
- The study evaluates this end-to-end using a proposed metric based on greedy lower and upper bounds for mean average precision across shifted images.
- The evidence is comparative and empirical across architectural categories and tested mitigation methods, but the abstract does not report sample sizes or quantitative effect estimates.","  - ""To assess shift equivariance of object detection models end-to-end, in this paper we propose an evaluation metric, built upon a greedy search of the lower and upper bounds of the mean average precision on a shifted image set.""
  - ""Our new metric shows that modern object detection architectures, no matter if one-stage or two-stage, anchor-based or anchor-free, are sensitive to even one pixel shift to the input images.""",,"- The abstract describes varying image translations, including shifts as small as one pixel, as the experimental perturbation.
- It does not describe tiled inputs or a grid-offset/tile-position manipulation; the reported variable is the shift applied to the input image.",,,"- The abstract describes shifted input images and an evaluation metric, but does not mention tiles, tile size, overlap, or varying tile position.","  - ""To assess shift equivariance of object detection models end-to-end, in this paper we propose an evaluation metric, built upon a greedy search of the lower and upper bounds of the mean average precision on a shifted image set.""",,"- The proposed metric evaluates mean average precision over a shifted image set, which is an aggregate detection-performance measure.
- The abstract does not describe measuring outcomes separately for each object identity.",,,"- The abstract describes a metric based on shifted images and reports sensitivity to one-pixel shifts, but it does not specify how many grid positions were tested.","  - ""To assess shift equivariance of object detection models end-to-end, in this paper we propose an evaluation metric, built upon a greedy search of the lower and upper bounds of the mean average precision on a shifted image set.""
  - ""Our new metric shows that modern object detection architectures, no matter if one-stage or two-stage, anchor-based or anchor-free, are sensitive to even one pixel shift to the input images.""",,"- The abstract describes variation using bounds on mean average precision, not a reported change or range in the number of detections.",,,"- The abstract reports sensitivity of detection architectures to one-pixel input shifts, but does not provide a separate numerical measure of detection identity changes or set-membership variation.","  - ""Robustness to small image translations is a highly desirable property for object detectors.""
  - ""Our new metric shows that modern object detection architectures, no matter if one-stage or two-stage, anchor-based or anchor-free, are sensitive to even one pixel shift to the input images.""",,"- The abstract concerns object detection models evaluated on input images subjected to small translations or pixel shifts.
- It does not specify a particular dataset, scene category, or imagery source.","  - ""Robustness to small image translations is a highly desirable property for object detectors. However, recent works have shown that CNN-based classifiers are not shift invariant.""
  - ""Our new metric shows that modern object detection architectures, no matter if one-stage or two-stage, anchor-based or anchor-free, are sensitive to even one pixel shift to the input images.""
  - ""Furthermore, we investigate several possible solutions to this problem, both taken from the literature and newly proposed, quantifying the effectiveness of each one with the suggested metric.""",,"- The abstract presents shift sensitivity and lack of robustness as an undesirable limitation of object detectors.
- Proposed solutions are investigated as ways to address this problem, rather than as an augmentation or beneficial transformation."
The Power of Tiling for Small Object Detection,"F Özge Ünel, Burak O Özkalaycı",,,,,,The_Power_of_Tiling_for_Small_Object_Detection.pdf,"Tiling during training and inference improves small pedestrian and vehicle detection from high-resolution MAV imagery by limiting detail loss with fixed-size inputs; evidence comes from in-depth experiments on Nvidia Jetson TX1/TX2 using VisDrone2018, without quantitative results reported in the abstract. tiling_method experimental_evidence","- No. The study varied tile grid configurations between training and inference, including Single, 3x2, 4x4, 5x3, and 6x3, but the overlap between consecutive tiles was fixed at 25%; no independent variation of tile position or grid offset was reported.","Not mentioned (the paper specifies static tiles with 25% overlap, but does not describe varying tile position while holding tile size and overlap fixed)",Aggregate count,"- 12 train/inference grid combinations (5 distinct grid sizes: Single, 3×2, 4×4, 5×3, and 6×3)","Not mentioned (the paper reports annotated bounding-box counts by tiling grid, but not variation in overall detection count)","Not mentioned (the paper reports speed and accuracy for small object recognition, rather than detection identity or set membership)","Real-time aerial surveillance imagery from a micro aerial vehicle (MAV), consisting of high-resolution ground-view images/video for detecting pedestrians and vehicles, using the VisDrone2018 VID dataset","- Primarily framed as a problem-solving approach for small-object detection, with training-time tiling additionally framed as an augmentation method.","  - ""we introduce a tiling based approach that is applied in both training and inference phases.""
  - ""The improvements provided by the proposed approach are shown by in-depth experiments performed along Nvidia Jetson TX1 and TX2 using the VisDrone2018 dataset.""",,"- The paper’s main contribution is a tiling approach applied during both training and inference to reduce detail loss while retaining fixed-size inputs.
- Its effectiveness is supported by in-depth experiments on Jetson TX1/TX2 using VisDrone2018, although the abstract provides no quantitative results.","  - ""In this study, we have chosen 25% intersection between consecutive tiles; resolution N of the sub-sampled images (for both width and height) is given according to the number of tiles (T) and image size (S) as: N = 4S/(3T + 1).""","  - ""(Page 7, Table 1) |---------|------|------|------|------|\n| Single  | 26.55 | 25.77 | 28.48 | 27.81 |\n| 3x2     | 30.63 | 34.62 | 34.11 | 31.69 |""","- The paper experimentally varies the number and arrangement of tiles through different training and inference grid sizes.
- It specifies a fixed 25% intersection between consecutive tiles, with no reported manipulation of tile position or grid offset as a separate experimental variable.
- Therefore, grid configuration was varied, but tile offset/position was not independently varied.","  - ""In contrast to their work, we propose overlapping static tiles to preserve object detection along the tile boundaries, extend the use of tiles during train stages and focus on real-time execution.""
  - ""In this study, we have chosen 25% intersection between consecutive tiles; resolution N of the sub-sampled images (for both width and height) is given according to the number of tiles (T) and image size (S) as: N = 4S/(3T + 1).""",,"- The paper specifies static overlapping tiles and a 25% overlap between consecutive tiles. [fixed_tile_scheme] [tile_overlap]
- It does not report an experiment in which tile position is varied while tile size and overlap are held fixed.","  - ""The performance metric is calculated on the VisDrone2018 [36] validation videos involving 2843 images with 114k annotations.""","  - ""(Page 7, Table 2) \n| Model              | Vehicle 0.5 | Vehicle 0.75 | Vehicle 0.5:1.0 | Pedestrian 0.5 | Pedestrian 0.75 | Pedestrian 0.5:1.0 | MAP 0.5 | MAP 0.75 | MAP 0.5:0.95 | FPS on: TX1 | FPS on: TX2 |\n|--------------------|-------------:|--------------:|----------------:|---------------:|-----------------:|--------------------:|---------:|----------:|---------------:|-------------:|-------------:|""","- The evaluation uses aggregate image-level annotation and detection metrics over 2,843 images and approximately 114,000 annotations.
- Results are summarized as average precision for object classes and mean average precision, rather than tracking or repeatedly measuring individual object identities.",,"  - ""(Page 7, Table 1) |---------|------|------|------|------|\n| Single  | 26.55 | 25.77 | 28.48 | 27.81 |\n| 3x2     | 30.63 | 34.62 | 34.11 | 31.69 |""","- The training-by-inference grid table contains 3 training settings and 4 inference settings, yielding 12 train/inference grid combinations tested. The distinct grid sizes appearing across the table are Single, 3x2, 4x4, 5x3, and 6x3.","  - ""Figure 5 illustrates the height and width distribution of pedestrian and vehicles(blue) and the number of detected objects at the specific height and widths (green) by Pelee T5x3 I5x3.""","  - ""(Page 5, Table 1) |-------------|------------------|--------|--------|\n| 1x1         | 1920x1080        | 24198  | 1106990 |\n| 3x2         | 768x432          | 147412 | 2527166 |""","- The paper reports annotated bounding-box counts for different tiling grids and discusses detected objects by size, but it does not report a variation in the overall detection count as an outcome.","  - ""We have examined the effects of different feature extraction approaches and various tiling grid sizes in the train and inference phases on the speed and accuracy for small object recognition.""",,"- The paper reports object-detection accuracy and speed, but does not report variation in detection identity or set membership.","  - ""In this study, we propose an efficient solution for small object detection on high-resolution images while maintaining fast execution with low complexity and memory footprint. For this purpose, we focus on pedestrian and vehicle detection on board of MAVs that involves the problems discussed so far.""
  - ""In this study, we address the detection of pedestrians and vehicles onboard a micro aerial vehicle (MAV) with high-resolution imagery.""
  - ""VisDrone2018 VID [36] data set with more than a million bounding box annotations in training set, 140k annotations in validation set for 11 different class labels (pedestrian, person, bicycle, car, van, truck, tricycle, awning-tricycle, bus, motor, others) is a perfect choice for our scenario.""
  - ""The MAVs observe the ground at a certain altitude where objects (pedestrian, car, bicycle etc.) in a scene cover considerably smaller pixel areas [14]. Besides, real-time processing is required for these vehicles to enable instant flight control for detection and tracking that are common surveillance applications [14]""",,"- The paper’s application domain is real-time small-object detection for surveillance using micro aerial vehicles (MAVs). [mav_surveillance_domain,aerial_surveillance_context] support this domain and platform.
- The imagery consists of high-resolution aerial imagery/video captured from an MAV, using the VisDrone2018 video dataset and focusing primarily on pedestrians and vehicles. [high_resolution_aerial_imagery,visdrone_dataset]","  - ""In order to handle the small object detection problem, we propose a tiling approach that is applied both in the training and inference stages as illustrated in Figure 3""
  - ""Using tiles at training step as an additional data augmentation method also increases the small object detection performance 20% significantly.""",,"- The paper primarily frames tiling as a solution to the small-object detection problem.
- It additionally characterizes the use of tiles during training as an augmentation method."
Shift Variance in Scene Text Detection,"M. Glitzner, Jan-Hendrik Neudeck, Philipp Härtinger",10.48550/arXiv.2208.09231,https://doi.org/10.48550/arXiv.2208.09231,arXiv.org,,2022,,"Fully convolutional scene-text detectors exhibit substantial shift variance; synthetic experiments, real-world training validation, and a proposed benchmark-based metric show that architectural changes only partly restore equivariance, while smoothing filters substantially improve shift consistency on common text datasets. main_finding method_evidence smoothing_metric","No—not a tile position or grid offset; the experimental variable was the horizontal pixel-wise shift of the character/text, with training positions sampled every fourth input pixel.","- Tile size: Held fixed at (H, W) while the crop position was varied horizontally
- Overlap: Not mentioned (the paper describes shifted crops but does not report an overlap parameter).",Aggregate count/performance measure,"Not mentioned (the paper reports pixel-wise horizontal shifting and a four-pixel training spacing, but no total number of grid positions tested).","Not mentioned (the paper reports variation in HMean, not detection count).","Not mentioned (the paper reports shift-dependent variation in detection performance, measured as ΔHMean, rather than detection identity or set-membership changes).","- Domain: Scene text detection
- Imagery type: Real-world scene images containing text, evaluated with ICDAR 2013 and ICDAR 2015 benchmark data; plus synthetic black-background images with a white “×” symbol for the controlled experiment","Framed as a problem, specifically shift variance causing inconsistent text-detector responses; architectural changes and smoothing filters were presented as mitigation strategies rather than as an augmentation.","  - ""we demonstrate the inherent shift variance of a state-of-the-art fully convolutional text detector.""
  - ""Using a simple synthetic experiment, we demonstrate the inherent shift variance of a state-of-the-art fully convolutional text detector. Furthermore, using the same experimental setting, we show how small architectural changes can lead to an improved shift equivariance and less variation of the detector output. We validate the synthetic results using a real-world training schedule on the text detection network.""
  - ""While the proposed architectural changes are not able to fully recover shift equivariance, adding smoothing filters can substantially improve shift consistency on common text datasets.""",,"- The paper finds that fully convolutional scene-text detectors are inherently sensitive to small input shifts, contradicting ideal shift equivariance.
- It investigates this with synthetic experiments, validates the findings using a real-world training schedule, and proposes a benchmark-based metric for quantifying shift variability.
- Evidence indicates that architectural changes help but do not fully solve the problem, whereas smoothing filters substantially improve shift consistency on common datasets.","  - ""During inference, we shift the character pixel-wise in horizontal direction.""
  - ""To simulate text occurring at variable positions, we evaluate multiple shifted versions of each image in the scene text datasets.""
  - ""We experiment with training on samples that contain characters at every fourth input pixel.""",,"- The experiments varied the character or text position by applying pixel-wise horizontal shifts during inference and evaluating multiple shifted image versions. [shifted_input_positions][variable_text_positions]
- The synthetic training data used a fixed every-fourth-pixel placement pattern; this was the training sampling periodicity, not a separately varied tile position or grid offset. [training_grid_spacing]","  - ""Then, we generate 2r + 1 crops of size (H, W ) from the sample along the horizontal image dimension.""
  - ""We resize the samples in an aspect-ratio preserving manner to (H + 2r, W + 2r) with H and W being the model input height and width, respectively, and r ∈ N being the maximum symmetric shift range.""",,"- The evaluation uses crops with a fixed size of (H, W) while generating different horizontal positions by shifting the crop within the enlarged sample.[fixed_crop_size,shifted_crop_evaluation]
- The paper does not mention tile overlap or state that an overlap parameter was held fixed.","  - ""In order to quantify the shift consistency of the model, we evaluate the spread of the harmonic mean (HMean) of Precision and Recall.""
  - ""we define ∆HMean as the difference between best and worst HMean for all possible shifts in a range [-r, r]:""",,"- The primary real-world outcome was ΔHMean, computed from aggregate Precision and Recall across shifted dataset samples, rather than a separate outcome for each object identity. [aggregate_hmean_measure] [hmean_shift_range] [dataset_evaluation_scope]
- The synthetic experiment recorded one maximum output response for each shifted image containing the symbol, but this was a per-image response-consistency diagnostic, not an object-identity-specific aggregate outcome. [synthetic_response_measure]","  - ""During inference, we shift the character pixel-wise in horizontal direction.""
  - ""We experiment with training on samples that contain characters at every fourth input pixel.""",,"- The paper specifies a four-pixel training spacing and pixel-wise horizontal shifts during inference, but it does not state a total number of grid positions tested.",,,"- The paper quantifies variation using the spread of HMean, defined from Precision and Recall, rather than variation in the number of detections. [variation_metric]
- It reports maximum ∆HMean values of 12.91% for IC13 and 21.69% for IC15, but no detection-count variation. [hmean_variation] [ic15_hmean_variation]","  - ""In order to quantify the shift consistency of the model, we evaluate the spread of the harmonic mean (HMean) of Precision and Recall. Following [12], we define ∆HMean as the difference between best and worst HMean for all possible shifts in a range [-r, r]:""
  - ""The default strided convolution based downsampling causes an alarming ∆HMean of 12.91 %. This means that the best and worst case scenario can make nearly 13 % difference, depending only on the position of the text in the input image.""
  - ""Here, the strided convolution based downsampling causes significant shift variance, resulting in a maximum ∆HMean of 21.69 %. Preconditioning the feature maps with binomial filters reduces the maximum performance difference to 18.22 %. Strided average pooling results in a ∆HMean of 17.61""",,"- The paper quantifies variation as the spread between the best and worst HMean across image shifts, rather than tracking whether individual detections change identity or membership in a detection set. [metric_definition]
- It reports maximum HMean variation of 12.91% for IC13 and 21.69% for IC15 under the default architecture, with reductions for the alternative downsampling methods. [ic13_variation] [ic15_variation]
- No direct measure of detection identity or set-membership variation is reported.","  - ""This poses a great problem for scene text detection for which a consistent spatial response is crucial, irrespective of the position of the text in the scene.""
  - ""We validate the synthetic results using a real-world training schedule on the text detection network.""
  - ""Using publicly available scene text datasets [7,9,10] we train a state-of-the-art segmentationbased text detector [4].""
  - ""For this, we generate a dataset containing images where the symbol '×' is drawn in white color on a black background.""",,"- The paper’s application domain is scene text detection, specifically detecting text in scenes using fully convolutional neural networks.[scene_text_domain]
- The evaluation uses real-world scene-text benchmark imagery from ICDAR 2013 and ICDAR 2015, while the controlled experiment uses synthetic black-background images containing a white symbol.[real_world_datasets][synthetic_imagery][scene_text_datasets]","  - ""In practice, however, this is not always the case. This poses a great problem for scene text detection for which a consistent spatial response is crucial, irrespective of the position of the text in the scene.""
  - ""We show that for commonly used metrics [9], the output of the text detector varies significantly even for small input shifts of only one or two pixels.""
  - ""While the proposed architectural changes are not able to fully recover shift equivariance, adding smoothing filters can substantially improve shift consistency on common text datasets.""",,"- The paper explicitly describes shift variance as a problem for scene text detection, emphasizing inconsistent detector responses caused by small positional shifts [problem_framing].
- It presents smoothing filters and architectural changes as mitigations to reduce this variability, not as an augmentation applied to improve training data [architectural_mitigation]."
Efficient ConvNet-based Object Detection for Unmanned Aerial Vehicles by Selective Tile Processing,"George Plastiras, C. Kyrkou, T. Theocharides",10.1145/3243394.3243692,https://doi.org/10.1145/3243394.3243692,ACM/IEEE International Conference on Distributed Smart Cameras,,2018,,"Selective processing of image tiles with an attention mechanism and memory for unprocessed tiles improves small-object detection accuracy while maintaining comparable CNN performance, supported by comparative experiments whose quantitative strength is not reported in the abstract. main_finding methodology","No—tile position/grid offset was not varied as an experimental variable; the experiments varied the number of tiles (2–12), while tile positioning was uniformly distributed with constant overlap.",Not mentioned (no explicit position-variation experiment),"Aggregate count, rather than per-object identity; object identities are stored only for the memory mechanism.",2–12 grid positions (tiles) tested,"The number of detected pedestrians per tile is generally relatively constant over periods of time, with occasional transient detections caused by the memory mechanism accepting or discarding detections. No numerical variation in detection count is reported.","- Detection-set membership varied temporally: the single-tile approach produced an increase of 2–3× in false detections, and transient detections could appear while the memory mechanism took several frames to discard or accept a detected pedestrian. Stored detections were removed after a specified period without overlapping detections overlapping detections.","- Domain: UAV-based aerial/airborne vision and smart-camera applications
- Imagery type: UAV-captured video footage and aerial imagery for pedestrian detection","Problem, addressed through an accuracy-improving augmentation.","  - ""Through the analysis of different methods and experiments we show that by carefully selecting which tiles to process we can considerably improve the detection accuracy while maintaining comparable performance to CNNs that resize and process a single image""
  - ""Specifically, we introduce an attention mechanism to focus on detecting objects only in some of the tiles and a memory mechanism to keep track of information for tiles that are not processed.""",,"- The paper’s main finding is improved detection accuracy with comparable performance to conventional resized-image CNNs.
- The methodology combines tile-based processing with attention for tile selection and memory for unprocessed tiles.
- Evidence is based on analyses and experiments, but the abstract provides no quantitative effect sizes or dataset details.","  - ""we then uniformly distribute them across the input image so that we achieve complete coverage of the image while maintaining a constant overlap between the tiles as shown in Fig. 2""
  - ""We performed experiments for di erent number of tiles which varied between 2-12 with respect to the input size.""",,"- The paper states that tiles were uniformly distributed with constant overlap, rather than treating tile position or grid offset as an experimental factor. [uniform_tile_distribution]
- The reported tiling experiment varied the number of tiles, not their positional offset. [tile_count_varied]
- Dynamic adjustment of tile positioning is described as future work, indicating it was not evaluated as an experimental variable in this study. [positioning_future_work]",,,"- The paper states that tiles are uniformly distributed with constant overlap, but does not explicitly describe an experiment holding tile size and overlap fixed while varying tile position.","  - ""Sensitivity (SEN): is is an accuracy metric that gives the percentage of correctly classi ed objects. It is de ned as the proportion of true positives that are correctly identi ed by the detector and is calculated by taking into account the True Positives (T pos ) and False Negatives (F ne ) of the detected objects as given by (3).""
  - ""For each bounding box detected within a tile, useful information is selected that must be stored in order to use this mechanism. is information consists of the position of the bounding box with respect to the image, a detection counter for each bounding box, the latest tile that it was detected in, and the class type (car, pedestrian etc.) if relevant.""",,"- The primary evaluation measures sensitivity using aggregate true-positive and false-negative counts across detected objects, plus average processing time per image frame.
- The paper stores bounding-box identities and detection counters for its memory mechanism, but the reported performance metric is not an identity-level tracking measure.","  - ""We performed experiments for di erent number of tiles which varied between 2-12 with respect to the input size.""",,"- The paper does not use the exact phrase “number of grid positions tested,” but reports the tested number of tiles as 2–12. It also gives an example with 12 tiles total.","  - ""7 . Fig. 6 shows the number of detected pedestrians per tile at each time step of the image sequence. Notice, that overall the number of pedestrians is relatively constant for periods of time due to the e ect of the memory mechanism retaining information even if no pedestrian is detected. On the other hand, some transient detections can appear where the memory mechanism takes some frames to discard/accept a detected pedestrian. Moreover,""",,- The paper describes the qualitative variation in detection counts per tile over time but does not report a numerical range or percentage variation.,"  - ""sm. Speci cally, we have observed an increase of 2 -3× in false detections using this approach.""
  - ""On the other hand, some transient detections can appear where the memory mechanism takes some frames to discard/accept a detected pedestrian.""
  - ""A stored bounding box which has no overlapping detections over a certain number of past frames is removed.""",,"- The paper does not report variation in the identity of individual detections as a formal metric.
- It does report variation in set membership: the single-tile strategy produced 2–3-fold more false detections, and transient detections could be temporarily accepted or discarded by the memory mechanism.
- Stored detections were removed after no overlapping detections for a specified number of frames, indicating temporal changes in membership of the detected-object set.","  - ""Unmanned Aerial Vehicles (UAVs) are becoming a widely used mobile camera platform with a wide range of applications such as asset inspection [7], intelligent transportation systems [3], and disaster monitoring [1].""
  - ""Images were collected using manually annotated video footage from a UAV and the UCF Aerial Action Data Set [10] in order to train two existing CNNs, one based on our previous work [2], and one based on YOLO [8], to detect pedestrians in a variety of scenarios, and di erent conditions with regards to illumination, viewpoint, occlusion, and backgrounds.""",,"- The application domain is UAV-based aerial or airborne computer vision, using cameras mounted on unmanned aerial vehicles.
- The imagery consists of UAV video footage and aerial image data, with pedestrian objects as the primary detection target.","  - ""To keep the computational demands low these neural networks typically operate on small image sizes which, however, makes it difficult to detect small objects.""
  - ""Through the analysis of different methods and experiments we show that by carefully selecting which tiles to process we can considerably improve the detection accuracy while maintaining comparable performance to CNNs that resize and process a single image""",,- The paper primarily frames the effect as a problem: low computational demands and limited CNN input sizes make small-object detection difficult. It then presents selective tile processing as an augmentation or solution to improve accuracy.